{"cameraMode":{"drawMode":0,"name":"Shaded","section":"Shading Mode"},"sceneLighting":false,"audioPlay":false,"sceneViewState":{"showFog":true,"showMaterialUpdate":false,"showSkybox":false,"showFlares":true,"showImageEffects":true,"showParticleSystems":true},"in2DMode":false,"pivot":{"x":-3.8852639198303224,"y":3.0271663665771486,"z":9.443485260009766},"rotation":{"x":-0.016204344108700753,"y":0.9834862351417542,"z":-0.11440912634134293,"w":-0.13929586112499238},"size":7.071067810058594,"orthographic":false}