{"cameraMode":{"drawMode":0,"name":"Shaded","section":"Shading Mode"},"sceneLighting":true,"audioPlay":false,"sceneViewState":{"showFog":true,"showMaterialUpdate":false,"showSkybox":true,"showFlares":true,"showImageEffects":true,"showParticleSystems":true},"in2DMode":false,"pivot":{"x":-3.1177196502685549,"y":-4.414613723754883,"z":31.264917373657228},"rotation":{"x":0.2823229134082794,"y":-0.5095169544219971,"z":0.18156030774116517,"w":0.7922908067703247},"size":21.576555252075197,"orthographic":false}